team,n6_opponent_difficulty,team_code
Arsenal,3.333333333,1
Aston Villa,3,2
Brighton,3.166666667,3
Burnley,3.333333333,4
Chelsea,3.333333333,5
Crystal Palace,2.5,6
Everton,3.166666667,7
Fulham,3,8
Leicester,3.166666667,9
Leeds,3,10
Liverpool,3.333333333,11
Man City,3.666666667,12
Man Utd,3.166666667,13
Newcastle,3.333333333,14
Sheffield Utd,3.5,15
Southampton,3.166666667,16
Spurs,3.166666667,17
West Brom,3,18
West Ham,3.5,19
Wolves,3.166666667,20
